API Product Code,Country,Product/Operator,Denomination Currency,Min Denom,Max Denom,Denomination Step,Cost (Unit Price) - USD,USD - Cost (Forex Rate)
AF_AW,Afghanistan,Afghanistan Afghan Wireless,AFN,50.00,6000.00,1.00,-,69.0622
AF_ET,Afghanistan,Afghanistan Etisalat,AFN,50.00,6000.00,1.00,-,66.1063
AF_MT,Afghanistan,Afghanistan MTN,AFN,50.00,6000.00,1.00,-,62.1399
AF_RS,Afghanistan,Afghanistan Roshan,AFN,50.00,6000.00,1.00,-,64.7291
AI_DG,Anguilla,Anguilla Digicel,USD,5.00,100.00,1.00,-,1.0804
AI_LM,Anguilla,Anguilla Lime,USD,2.00,100.00,1.00,-,1.0684
AG_DG,Antigua and Barbuda,Antigua and Barbuda Digicel,USD,5.00,100.00,1.00,-,1.0804
AG_LM,Antigua and Barbuda,Antigua and Barbuda Lime,USD,2.00,100.00,1.00,-,1.0684
AR_MV,Argentina,Argentina Movistar,USD,5.00,50.00,1.00,-,1.0625
BD_AT,Bangladesh,Bangladesh Airtel,BDT,20.00,1000.00,1.00,-,73.7538
BL,Bangladesh,Bangladesh Banglalink,BDT,20.00,1000.00,1.00,-,73.7538
GP,Bangladesh,Bangladesh GrameenPhone,BDT,20.00,1000.00,1.00,-,73.7538
AK,Bangladesh,Bangladesh Robi Axiata,BDT,20.00,1000.00,1.00,-,73.8089
BB_DG,Barbados,Barbados Digicel,BBD,10.00,50.00,1.00,-,2.1368
BB_LM,Barbados,Barbados Lime,BBD,10.00,50.00,1.00,-,2.1368
BJ_MT,Benin,Benin MTN,XOF,250.00,40000.00,1.00,-,560.7456
BM_DG,Bermuda,Bermuda Digicel,USD,5.00,50.00,1.00,-,1.1485
BO_ET,Bolivia,Bolivia Entel,USD,5.00,50.00,1.00,-,1.0566
BO_TG,Bolivia,Bolivia Tigo,USD,5.00,30.00,1.00,-,1.1052
BO_VV,Bolivia,Bolivia Viva,USD,5.00,50.00,1.00,-,1.0743
BW_BM,Botswana,Botswana beMobile,BWP,10.00,10.00,0.00,0.90,-
BW_BM,Botswana,Botswana beMobile,BWP,20.00,20.00,0.00,1.80,-
BW_BM,Botswana,Botswana beMobile,BWP,50.00,50.00,0.00,4.51,-
BW_BM,Botswana,Botswana beMobile,BWP,100.00,100.00,0.00,9.02,-
BW_MC,Botswana,Botswana Mascom Airtime,BWP,10.00,10.00,0.00,0.90,-
BW_MC,Botswana,Botswana Mascom Airtime,BWP,20.00,20.00,0.00,1.80,-
BW_MC,Botswana,Botswana Mascom Airtime,BWP,60.00,60.00,0.00,5.41,-
BW_MC,Botswana,Botswana Mascom Airtime,BWP,100.00,100.00,0.00,9.02,-
BW_OR,Botswana,Botswana Orange,BWP,10.00,10.00,0.00,0.90,-
BW_OR,Botswana,Botswana Orange,BWP,20.00,20.00,0.00,1.80,-
BW_OR,Botswana,Botswana Orange,BWP,50.00,50.00,0.00,4.51,-
BW_OR,Botswana,Botswana Orange,BWP,100.00,100.00,0.00,9.02,-
BR_CR,Brazil,Brazil Claro,BRL,10.00,10.00,0.00,3.42,-
BR_CR,Brazil,Brazil Claro,BRL,15.00,15.00,0.00,5.15,-
BR_CR,Brazil,Brazil Claro,BRL,20.00,20.00,0.00,6.87,-
BR_CR,Brazil,Brazil Claro,BRL,30.00,30.00,0.00,10.29,-
BR_CR,Brazil,Brazil Claro,BRL,50.00,50.00,0.00,17.15,-
BR_NX,Brazil,Brazil Nextel,BRL,20.00,20.00,0.00,6.87,-
BR_NX,Brazil,Brazil Nextel,BRL,30.00,30.00,0.00,10.29,-
BR_OI,Brazil,Brazil Oi,BRL,18.00,18.00,0.00,6.18,-
BR_OI,Brazil,Brazil Oi,BRL,20.00,20.00,0.00,6.87,-
BR_OI,Brazil,Brazil Oi,BRL,25.00,25.00,0.00,8.58,-
BR_OI,Brazil,Brazil Oi,BRL,35.00,35.00,0.00,12.02,-
BR_OI,Brazil,Brazil Oi,BRL,50.00,50.00,0.00,27.42,-
BR_TI,Brazil,Brazil TIM,BRL,15.00,15.00,0.00,5.15,-
BR_TI,Brazil,Brazil TIM,BRL,20.00,20.00,0.00,6.87,-
BR_TI,Brazil,Brazil TIM,BRL,30.00,30.00,0.00,10.29,-
BR_TI,Brazil,Brazil TIM,BRL,35.00,35.00,0.00,12.02,-
BR_TI,Brazil,Brazil TIM,BRL,50.00,50.00,0.00,17.15,-
BR_VV,Brazil,Brazil Vivo,BRL,10.00,10.00,0.00,3.42,-
BR_VV,Brazil,Brazil Vivo,BRL,15.00,15.00,0.00,5.15,-
BR_VV,Brazil,Brazil Vivo,BRL,20.00,20.00,0.00,6.87,-
BR_VV,Brazil,Brazil Vivo,BRL,25.00,25.00,0.00,8.58,-
BR_VV,Brazil,Brazil Vivo,BRL,35.00,35.00,0.00,12.02,-
BF_OR,Burkina Faso,Burkina Faso Onatel,EUR,3.00,3.00,0.00,3.09,-
BF_OR,Burkina Faso,Burkina Faso Onatel,EUR,7.50,7.50,0.00,7.72,-
BF_OR,Burkina Faso,Burkina Faso Onatel,EUR,15.00,15.00,0.00,15.45,-
BF_OR,Burkina Faso,Burkina Faso Onatel,EUR,30.00,30.00,0.00,30.89,-
BF_OR,Burkina Faso,Burkina Faso Onatel,XOF,2000.00,2000.00,0.00,3.09,-
BF_OR,Burkina Faso,Burkina Faso Onatel,XOF,5000.00,5000.00,0.00,7.72,-
BF_OR,Burkina Faso,Burkina Faso Onatel,XOF,10000.00,10000.00,0.00,15.45,-
BF_OR,Burkina Faso,Burkina Faso Onatel,XOF,20000.00,20000.00,0.00,30.89,-
KH_MT,Cambodia,Cambodia CamGSM (Mobitel),USD,1.00,50.00,1.00,-,1.0049
KH_MF,Cambodia,Cambodia Metfone,USD,2.00,2.00,0.00,2.09,-
KH_MF,Cambodia,Cambodia Metfone,USD,3.00,3.00,0.00,3.14,-
KH_MF,Cambodia,Cambodia Metfone,USD,5.00,5.00,0.00,5.22,-
KH_MF,Cambodia,Cambodia Metfone,USD,10.00,10.00,0.00,10.43,-
KH_MF,Cambodia,Cambodia Metfone,USD,20.00,20.00,0.00,20.85,-
KH_MF,Cambodia,Cambodia Metfone,USD,50.00,50.00,0.00,52.12,-
KH_SM,Cambodia,Cambodia Smart Axiata,USD,1.00,50.00,1.00,-,0.9735
CM_MT,Cameroon,Cameroon MTN,XAF,250.00,40000.00,1.00,-,576.9109
CM_OR,Cameroon,Cameroon Orange,EUR,3.00,3.00,0.00,3.40,-
CM_OR,Cameroon,Cameroon Orange,EUR,7.50,7.50,0.00,7.72,-
CM_OR,Cameroon,Cameroon Orange,EUR,15.00,15.00,0.00,15.45,-
CM_OR,Cameroon,Cameroon Orange,EUR,30.00,30.00,0.00,30.89,-
CM_OR,Cameroon,Cameroon Orange,XAF,1950.00,1950.00,0.00,3.09,-
CM_OR,Cameroon,Cameroon Orange,XAF,4900.00,4900.00,0.00,7.72,-
CM_OR,Cameroon,Cameroon Orange,XAF,9850.00,9850.00,0.00,15.45,-
CM_OR,Cameroon,Cameroon Orange,XAF,19700.00,19700.00,0.00,30.89,-
KY_DG,Cayman Islands,Cayman Islands Digicel,USD,5.00,50.00,1.00,-,1.0989
KY_LM,Cayman Islands,Cayman Islands Lime,USD,5.00,50.00,1.00,-,1.0684
CF_OR,Central African Republic,Central African Republic Orange,EUR,3.00,3.00,0.00,3.09,-
CF_OR,Central African Republic,Central African Republic Orange,EUR,7.50,7.50,0.00,7.72,-
CF_OR,Central African Republic,Central African Republic Orange,EUR,15.00,15.00,0.00,15.45,-
CF_OR,Central African Republic,Central African Republic Orange,EUR,30.00,30.00,0.00,30.89,-
CF_OR,Central African Republic,Central African Republic Orange,XAF,2000.00,2000.00,0.00,3.09,-
CF_OR,Central African Republic,Central African Republic Orange,XAF,5000.00,5000.00,0.00,7.72,-
CF_OR,Central African Republic,Central African Republic Orange,XAF,10000.00,10000.00,0.00,15.45,-
CF_OR,Central African Republic,Central African Republic Orange,XAF,20000.00,20000.00,0.00,30.89,-
CH,China,China Mobile,CNY,30.00,30.00,0.00,4.61,-
CH,China,China Mobile,CNY,50.00,50.00,0.00,7.63,-
CH,China,China Mobile,CNY,100.00,100.00,0.00,15.26,-
CH,China,China Mobile,CNY,200.00,200.00,0.00,28.65,-
CH,China,China Mobile,CNY,300.00,300.00,0.00,42.97,-
CH,China,China Mobile,CNY,500.00,500.00,0.00,71.62,-
CN_CT,China,China Telecom,CNY,30.00,30.00,0.00,4.61,-
CN_CT,China,China Telecom,CNY,50.00,50.00,0.00,7.65,-
CN_CT,China,China Telecom,CNY,100.00,100.00,0.00,15.29,-
CN_CT,China,China Telecom,CNY,200.00,200.00,0.00,28.65,-
CN_CT,China,China Telecom,CNY,300.00,300.00,0.00,42.97,-
CN_CT,China,China Telecom,CNY,500.00,500.00,0.00,71.62,-
CU,China,China Unicom,CNY,30.00,30.00,0.00,4.61,-
CU,China,China Unicom,CNY,50.00,50.00,0.00,7.65,-
CU,China,China Unicom,CNY,100.00,100.00,0.00,15.29,-
CU,China,China Unicom,CNY,200.00,200.00,0.00,28.65,-
CU,China,China Unicom,CNY,300.00,300.00,0.00,42.97,-
CU,China,China Unicom,CNY,500.00,500.00,0.00,71.62,-
CO_CC,Colombia,Colombia Comcel,USD,0.37,37.00,0.37,-,1.0684
CO_ET,Colombia,Colombia ETB,USD,1.00,50.00,1.00,-,1.0684
CO_MV,Colombia,Colombia Movistar,USD,1.00,50.00,1.00,-,1.0625
CO_TG,Colombia,Colombia Tigo,USD,1.00,50.00,1.00,-,1.1447
CO_UF,Colombia,Colombia Uff Movil,USD,1.00,50.00,1.00,-,1.0684
CO_UN,Colombia,Colombia Une,USD,1.00,50.00,1.00,-,1.0684
CO_VM,Colombia,Colombia Virgin,USD,1.00,50.00,1.00,-,1.0684
CG_MT,Congo,Congo MTN,XAF,250.00,40000.00,1.00,-,576.9109
CR_CR,Costa Rica,Costa Rica Claro,USD,2.00,100.00,1.00,-,1.1312
CR_KB,Costa Rica,Costa Rica Kolbi,USD,5.00,15.00,5.00,-,1.0865
CR_MV,Costa Rica,Costa Rica Movistar,USD,2.00,50.00,1.00,-,1.0625
CI_MT,Cote Divoire,Ivory Coast MTN,XOF,5000.00,40000.00,100.00,-,577.1539
CI_OR,Cote Divoire,Ivory Coast Orange,EUR,7.50,7.50,0.00,7.72,-
CI_OR,Cote Divoire,Ivory Coast Orange,EUR,15.00,15.00,0.00,15.45,-
CI_OR,Cote Divoire,Ivory Coast Orange,EUR,30.00,30.00,0.00,30.89,-
CI_OR,Cote Divoire,Ivory Coast Orange,XOF,4920.00,4920.00,0.00,7.72,-
CI_OR,Cote Divoire,Ivory Coast Orange,XOF,9840.00,9840.00,0.00,15.45,-
CI_OR,Cote Divoire,Ivory Coast Orange,XOF,19680.00,19680.00,0.00,30.89,-
CU_CC,Cuba,Cuba Cubacel,CUC,10.00,10.00,0.00,9.57,-
CU_CC,Cuba,Cuba Cubacel,CUC,15.00,15.00,0.00,14.35,-
CU_CC,Cuba,Cuba Cubacel,CUC,20.00,20.00,0.00,19.14,-
CU_CC,Cuba,Cuba Cubacel,CUC,25.00,25.00,0.00,23.92,-
CU_CC,Cuba,Cuba Cubacel,CUC,30.00,30.00,0.00,28.70,-
CU_CC,Cuba,Cuba Cubacel,CUC,40.00,40.00,0.00,38.27,-
CU_CC,Cuba,Cuba Cubacel,CUC,50.00,50.00,0.00,47.84,-
CY_MT,Cyprus,Cyprus MTN,EUR,5.00,50.00,1.00,-,0.9135
CD_OR,Democratic Republic Of Congo,Democratic Republic of Congo (DRC) Orange,EUR,3.00,3.00,0.00,3.09,-
CD_OR,Democratic Republic Of Congo,Democratic Republic of Congo (DRC) Orange,USD,3.90,3.90,0.00,3.09,-
CD_OR,Democratic Republic Of Congo,Democratic Republic of Congo (DRC) Orange,EUR,7.50,7.50,0.00,7.72,-
CD_OR,Democratic Republic Of Congo,Democratic Republic of Congo (DRC) Orange,USD,9.75,9.75,0.00,7.72,-
CD_OR,Democratic Republic Of Congo,Democratic Republic of Congo (DRC) Orange,EUR,15.00,15.00,0.00,15.45,-
CD_OR,Democratic Republic Of Congo,Democratic Republic of Congo (DRC) Orange,USD,19.50,19.50,0.00,15.45,-
CD_OR,Democratic Republic Of Congo,Democratic Republic of Congo (DRC) Orange,EUR,30.00,30.00,0.00,30.89,-
CD_OR,Democratic Republic Of Congo,Democratic Republic of Congo (DRC) Orange,USD,39.00,39.00,0.00,30.89,-
DM_DG,Dominica,Dominica Digicel,USD,2.00,100.00,1.00,-,1.0804
DM_LM,Dominica,Dominica Lime,USD,2.00,100.00,1.00,-,1.0927
DO_CR,Dominican Republic,Dominican Claro,USD,5.00,50.00,1.00,-,1.0804
DO_OR,Dominican Republic,Dominican Orange,USD,5.00,30.00,1.00,-,1.0452
DO_TC,Dominican Republic,Dominican Rep. Tricom,USD,3.00,3.00,0.00,2.75,-
DO_TC,Dominican Republic,Dominican Rep. Tricom,USD,6.00,6.00,0.00,5.49,-
DO_TC,Dominican Republic,Dominican Rep. Tricom,USD,11.00,11.00,0.00,10.07,-
DO_TC,Dominican Republic,Dominican Rep. Tricom,USD,16.00,16.00,0.00,14.64,-
DO_TC,Dominican Republic,Dominican Rep. Tricom,USD,30.00,30.00,0.00,27.46,-
DO_VV,Dominican Republic,Dominican Viva,USD,5.00,20.00,1.00,-,1.1312
EC_AL,Ecuador,Ecuador Alegro,USD,2.00,30.00,1.00,-,1.0684
EC_CR,Ecuador,Ecuador Claro,USD,4.00,4.00,0.00,3.66,-
EC_CR,Ecuador,Ecuador Claro,USD,6.00,6.00,0.00,5.49,-
EC_CR,Ecuador,Ecuador Claro,USD,7.00,7.00,0.00,6.41,-
EC_CR,Ecuador,Ecuador Claro,USD,11.00,11.00,0.00,10.07,-
EC_CR,Ecuador,Ecuador Claro,USD,22.00,22.00,0.00,20.13,-
EC_CR,Ecuador,Ecuador Claro,USD,33.00,33.00,0.00,30.20,-
EC_MV,Ecuador,Ecuador Movistar,USD,2.00,70.00,1.00,-,1.0625
EG_ET,Egypt,Egypt Etisalat,EGP,5.50,5.50,0.00,0.31,-
EG_ET,Egypt,Egypt Etisalat,EGP,11.00,11.00,0.00,0.63,-
EG_ET,Egypt,Egypt Etisalat,EGP,16.50,16.50,0.00,0.94,-
EG_ET,Egypt,Egypt Etisalat,EGP,22.00,22.00,0.00,1.25,-
EG_ET,Egypt,Egypt Etisalat,EGP,27.50,27.50,0.00,1.78,-
EG_ET,Egypt,Egypt Etisalat,EGP,44.00,44.00,0.00,2.51,-
EG_ET,Egypt,Egypt Etisalat,EGP,55.00,55.00,0.00,3.14,-
EG_ET,Egypt,Egypt Etisalat,EGP,110.00,110.00,0.00,6.27,-
EG_ET,Egypt,Egypt Etisalat,EGP,220.00,220.00,0.00,12.54,-
EG_MN,Egypt,Egypt Mobinil,EGP,5.50,5.50,0.00,0.29,-
EG_MN,Egypt,Egypt Mobinil,EGP,11.00,11.00,0.00,0.59,-
EG_MN,Egypt,Egypt Mobinil,EGP,16.50,16.50,0.00,0.88,-
EG_MN,Egypt,Egypt Mobinil,EGP,22.00,22.00,0.00,1.17,-
EG_MN,Egypt,Egypt Mobinil,EGP,27.50,27.50,0.00,1.47,-
EG_MN,Egypt,Egypt Mobinil,EGP,44.00,44.00,0.00,2.34,-
EG_MN,Egypt,Egypt Mobinil,EGP,55.00,55.00,0.00,2.93,-
EG_MN,Egypt,Egypt Mobinil,EGP,110.00,110.00,0.00,5.86,-
EG_MN,Egypt,Egypt Mobinil,EGP,220.00,220.00,0.00,11.72,-
EG_OR,Egypt,Egypt Orange,EGP,5.50,5.50,0.00,0.57,-
EG_OR,Egypt,Egypt Orange,EGP,11.00,11.00,0.00,1.15,-
EG_OR,Egypt,Egypt Orange,EGP,16.50,16.50,0.00,1.72,-
EG_OR,Egypt,Egypt Orange,EGP,22.00,22.00,0.00,2.30,-
EG_OR,Egypt,Egypt Orange,EGP,27.50,27.50,0.00,2.87,-
EG_OR,Egypt,Egypt Orange,EGP,44.00,44.00,0.00,4.59,-
EG_OR,Egypt,Egypt Orange,EGP,55.00,55.00,0.00,5.74,-
EG_OR,Egypt,Egypt Orange,EGP,110.00,110.00,0.00,11.48,-
EG_OR,Egypt,Egypt Orange,EGP,220.00,220.00,0.00,22.96,-
EG_VF,Egypt,Egypt Vodafone,EGP,5.50,5.50,0.00,0.31,-
EG_VF,Egypt,Egypt Vodafone,EGP,11.00,11.00,0.00,0.63,-
EG_VF,Egypt,Egypt Vodafone,EGP,16.50,16.50,0.00,0.94,-
EG_VF,Egypt,Egypt Vodafone,EGP,22.00,22.00,0.00,1.25,-
EG_VF,Egypt,Egypt Vodafone,EGP,27.50,27.50,0.00,1.57,-
EG_VF,Egypt,Egypt Vodafone,EGP,44.00,44.00,0.00,2.51,-
EG_VF,Egypt,Egypt Vodafone,EGP,55.00,55.00,0.00,3.14,-
EG_VF,Egypt,Egypt Vodafone,EGP,110.00,110.00,0.00,6.27,-
EG_VF,Egypt,Egypt Vodafone,EGP,220.00,220.00,0.00,12.54,-
SV_CR,El Salvador,Salvador Claro,USD,2.00,100.00,1.00,-,1.1312
SV_DC,El Salvador,Salvador Digicel,USD,5.00,75.00,1.00,-,1.0804
SV_MV,El Salvador,Salvador Movistar,USD,5.00,50.00,1.00,-,1.0625
SV_TG,El Salvador,Salvador Tigo,USD,5.00,5.00,0.00,4.58,-
SV_TG,El Salvador,Salvador Tigo,USD,10.00,10.00,0.00,9.15,-
SV_TG,El Salvador,Salvador Tigo,USD,20.00,20.00,0.00,18.30,-
SV_TG,El Salvador,Salvador Tigo,USD,25.00,25.00,0.00,22.88,-
SV_TG,El Salvador,Salvador Tigo,USD,40.00,40.00,0.00,36.61,-
GH_AT,Ghana,Ghana Airtel,GHS,1.00,100.00,1.00,-,4.5354
GH_EX,Ghana,Ghana Expresso,GHS,1.00,100.00,1.00,-,4.1433
GH_GM,Ghana,Ghana Glo Ghana,GHS,1.00,100.00,1.00,-,3.6449
GH_MT,Ghana,Ghana MTN,GHS,1.00,100.00,1.00,-,3.9776
GH_TG,Ghana,Ghana Tigo,GHS,1.00,100.00,1.00,-,4.1433
GH_VF,Ghana,Ghana Vodafone,GHS,1.00,100.00,1.00,-,3.6449
GD_DG,Grenada,Grenada Digicel,USD,5.00,100.00,1.00,-,1.0804
GD_LM,Grenada,Grenada Lime,USD,2.00,100.00,1.00,-,1.1447
GP_DG,Guadeloupe,Guadeloupe Digicel,USD,4.00,70.00,1.00,-,1.0452
GT_CR,Guatemala,Guatemala Claro,USD,2.00,100.00,1.00,-,1.1181
GT_MV,Guatemala,Guatemala Movistar,USD,2.00,70.00,0.10,-,1.0625
GT_TG,Guatemala,Guatemala Tigo,USD,7.00,7.00,0.00,6.33,-
GT_TG,Guatemala,Guatemala Tigo,USD,10.00,10.00,0.00,9.05,-
GT_TG,Guatemala,Guatemala Tigo,USD,14.00,14.00,0.00,12.67,-
GT_TG,Guatemala,Guatemala Tigo,USD,15.00,15.00,0.00,13.57,-
GT_TG,Guatemala,Guatemala Tigo,USD,20.00,20.00,0.00,18.10,-
GT_TG,Guatemala,Guatemala Tigo,USD,25.00,25.00,0.00,22.62,-
GT_TG,Guatemala,Guatemala Tigo,USD,30.00,30.00,0.00,27.14,-
GN_CC,Guinea,Guinea Cellcom,GNF,10000.00,250000.00,1.00,-,9705.9109
GN_MT,Guinea,Guinea MTN,GNF,5000.00,900000.00,500.00,-,6771.3976
GN_OR,Guinea,Guinea Orange ,EUR,3.00,3.00,0.00,3.09,-
GN_OR,Guinea,Guinea Orange ,EUR,7.50,7.50,0.00,7.72,-
GN_OR,Guinea,Guinea Orange ,EUR,15.00,15.00,0.00,15.45,-
GN_OR,Guinea,Guinea Orange ,EUR,30.00,30.00,0.00,30.89,-
GW_OR,Guinea-Bissau,Guinea-Bissau Orange,EUR,3.00,3.00,0.00,3.09,-
GW_OR,Guinea-Bissau,Guinea-Bissau Orange,EUR,7.50,7.50,0.00,7.72,-
GW_OR,Guinea-Bissau,Guinea-Bissau Orange,EUR,15.00,15.00,0.00,15.45,-
GW_OR,Guinea-Bissau,Guinea-Bissau Orange,EUR,30.00,30.00,0.00,30.89,-
GW_OR,Guinea-Bissau,Guinea-Bissau Orange,XOF,1950.00,1950.00,0.00,3.09,-
GW_OR,Guinea-Bissau,Guinea-Bissau Orange,XOF,4920.00,4920.00,0.00,7.72,-
GW_OR,Guinea-Bissau,Guinea-Bissau Orange,XOF,9840.00,9840.00,0.00,15.45,-
GW_OR,Guinea-Bissau,Guinea-Bissau Orange,XOF,19680.00,19680.00,0.00,30.89,-
GY_CL,Guyana,Guyana Cellink,USD,2.00,70.00,1.00,-,1.0121
GY_DG,Guyana,Guyana Digicel,USD,5.00,100.00,1.00,-,1.1246
HT_DC,Haiti,Haiti Digicel,USD,5.00,70.00,1.00,-,1.1312
HT_NC,Haiti,Haiti Natcom,USD,1.00,100.00,1.00,-,1.1447
HT_VL,Haiti,Haiti Voila,USD,5.00,75.00,1.00,-,1.1246
HN_CR,Honduras,Honduras Claro,USD,2.00,100.00,1.00,-,1.1312
HN_TG,Honduras,Honduras Tigo,USD,5.00,50.00,1.00,-,1.1312
IN_AC,India,India Aircel,INR,10.00,3000.00,1.00,-,64.8082
IN_AD,India,India Airtel DTH TV,INR,10.00,3000.00,1.00,-,64.1536
IN_AT,India,India Bharti Airtel,INR,10.00,3000.00,1.00,-,64.1536
IN_BT,India,India Big TV,INR,10.00,3000.00,1.00,-,64.1536
IN_BS,India,India BSNL,INR,10.00,3000.00,1.00,-,64.8082
IN_DT,India,India Dish TV,INR,10.00,3000.00,1.00,-,64.1536
IN_ID,India,India Idea Cellular,INR,10.00,3000.00,1.00,-,64.1536
IN_MT,India,India MTS,INR,10.00,3000.00,1.00,-,64.8082
IN_RL,India,India Reliance Communications,INR,10.00,3000.00,1.00,-,64.8082
IN_SD,India,India Sun Direct TV,INR,10.00,3000.00,1.00,-,64.1536
IN_TS,India,India Tata Sky TV,INR,10.00,3000.00,1.00,-,64.1536
IN_TA,India,India Tata Teleservices,INR,10.00,3000.00,1.00,-,64.6433
IN_UN,India,India Uninor,INR,10.00,3000.00,1.00,-,64.8082
IN_VC,India,India Videocon,INR,10.00,3000.00,1.00,-,64.8082
IN_VD,India,India Videocon D2H TV,INR,10.00,3000.00,1.00,-,64.1536
IN_VF,India,India Vodafone,INR,10.00,3000.00,1.00,-,64.1536
ID_AM,Indonesia,Alfamart,IDR,20000.00,20000.00,0.00,1.59,-
ID_AM,Indonesia,Alfamart,IDR,50000.00,50000.00,0.00,3.98,-
ID_AM,Indonesia,Alfamart,IDR,100000.00,100000.00,0.00,7.95,-
AX,Indonesia,Indonesia Axis,IDR,5000.00,5000.00,0.00,0.40,-
AX,Indonesia,Indonesia Axis,IDR,10000.00,10000.00,0.00,0.85,-
AX,Indonesia,Indonesia Axis,IDR,25000.00,25000.00,0.00,1.95,-
AX,Indonesia,Indonesia Axis,IDR,50000.00,50000.00,0.00,3.90,-
AX,Indonesia,Indonesia Axis,IDR,100000.00,100000.00,0.00,7.79,-
ES,Indonesia,Indonesia Bakrie Esia,IDR,5000.00,5000.00,0.00,0.41,-
ES,Indonesia,Indonesia Bakrie Esia,IDR,10000.00,10000.00,0.00,0.84,-
ES,Indonesia,Indonesia Bakrie Esia,IDR,25000.00,25000.00,0.00,1.96,-
ES,Indonesia,Indonesia Bakrie Esia,IDR,50000.00,50000.00,0.00,3.90,-
ES,Indonesia,Indonesia Bakrie Esia,IDR,100000.00,100000.00,0.00,7.71,-
HI,Indonesia,Indonesia Hutchison Three,IDR,5000.00,5000.00,0.00,0.39,-
HI,Indonesia,Indonesia Hutchison Three,IDR,10000.00,10000.00,0.00,0.78,-
HI,Indonesia,Indonesia Hutchison Three,IDR,25000.00,25000.00,0.00,1.95,-
HI,Indonesia,Indonesia Hutchison Three,IDR,30000.00,30000.00,0.00,2.34,-
HI,Indonesia,Indonesia Hutchison Three,IDR,50000.00,50000.00,0.00,3.90,-
HI,Indonesia,Indonesia Hutchison Three,IDR,100000.00,100000.00,0.00,7.79,-
IM,Indonesia,Indonesia Indosat,IDR,5000.00,5000.00,0.00,0.47,-
IM,Indonesia,Indonesia Indosat,IDR,10000.00,10000.00,0.00,0.87,-
IM,Indonesia,Indonesia Indosat,IDR,20000.00,20000.00,0.00,1.59,-
IM,Indonesia,Indonesia Indosat,IDR,25000.00,25000.00,0.00,2.01,-
IM,Indonesia,Indonesia Indosat,IDR,30000.00,30000.00,0.00,2.37,-
IM,Indonesia,Indonesia Indosat,IDR,50000.00,50000.00,0.00,3.94,-
IM,Indonesia,Indonesia Indosat,IDR,100000.00,100000.00,0.00,7.87,-
ID_PL,Indonesia,Indonesia PLN,IDR,20000.00,20000.00,0.00,1.72,-
ID_PL,Indonesia,Indonesia PLN,IDR,50000.00,50000.00,0.00,4.10,-
ID_PL,Indonesia,Indonesia PLN,IDR,100000.00,100000.00,0.00,8.08,-
ST,Indonesia,Indonesia SmartFren,IDR,5000.00,5000.00,0.00,0.40,-
ST,Indonesia,Indonesia SmartFren,IDR,10000.00,10000.00,0.00,0.80,-
ST,Indonesia,Indonesia SmartFren,IDR,25000.00,25000.00,0.00,1.97,-
ST,Indonesia,Indonesia SmartFren,IDR,50000.00,50000.00,0.00,3.94,-
ST,Indonesia,Indonesia SmartFren,IDR,100000.00,100000.00,0.00,7.79,-
AS,Indonesia,Indonesia Telkomsel Kartu AS,IDR,5000.00,5000.00,0.00,0.45,-
AS,Indonesia,Indonesia Telkomsel Kartu AS,IDR,10000.00,10000.00,0.00,0.80,-
AS,Indonesia,Indonesia Telkomsel Kartu AS,IDR,20000.00,20000.00,0.00,1.59,-
AS,Indonesia,Indonesia Telkomsel Kartu AS,IDR,25000.00,25000.00,0.00,1.99,-
AS,Indonesia,Indonesia Telkomsel Kartu AS,IDR,50000.00,50000.00,0.00,3.94,-
AS,Indonesia,Indonesia Telkomsel Kartu AS,IDR,100000.00,100000.00,0.00,7.71,-
SP,Indonesia,Indonesia Telkomsel Simpati,IDR,10000.00,10000.00,0.00,0.80,-
SP,Indonesia,Indonesia Telkomsel Simpati,IDR,20000.00,20000.00,0.00,1.59,-
SP,Indonesia,Indonesia Telkomsel Simpati,IDR,25000.00,25000.00,0.00,1.99,-
SP,Indonesia,Indonesia Telkomsel Simpati,IDR,50000.00,50000.00,0.00,3.94,-
SP,Indonesia,Indonesia Telkomsel Simpati,IDR,100000.00,100000.00,0.00,7.71,-
XL,Indonesia,Indonesia XL Axiata,IDR,5000.00,5000.00,0.00,0.45,-
XL,Indonesia,Indonesia XL Axiata,IDR,10000.00,10000.00,0.00,0.85,-
XL,Indonesia,Indonesia XL Axiata,IDR,25000.00,25000.00,0.00,1.95,-
XL,Indonesia,Indonesia XL Axiata,IDR,50000.00,50000.00,0.00,3.90,-
XL,Indonesia,Indonesia XL Axiata,IDR,100000.00,100000.00,0.00,7.79,-
JM_DC,Jamaica,Jamaica Digicel,USD,5.00,50.00,1.00,-,1.0995
JM_LM,Jamaica,Jamaica Lime,USD,1.00,50.00,1.00,-,1.0742
JO_OR,Jordan,Jordan Orange,JOD,3.00,3.00,0.00,6.36,-
JO_OR,Jordan,Jordan Orange,JOD,5.00,5.00,0.00,10.61,-
JO_OR,Jordan,Jordan Orange,JOD,10.00,10.00,0.00,21.22,-
JO_OR,Jordan,Jordan Orange,JOD,20.00,20.00,0.00,42.43,-
JO_UN,Jordan,Jordan Umniah,JOD,1.00,35.00,1.00,-,0.4901
JO_ZN,Jordan,Jordan Zain,JOD,5.00,5.00,0.00,10.96,-
JO_ZN,Jordan,Jordan Zain,JOD,9.00,9.00,0.00,18.89,-
JO_ZN,Jordan,Jordan Zain,JOD,12.00,12.00,0.00,25.23,-
JO_ZN,Jordan,Jordan Zain,JOD,20.00,20.00,0.00,42.05,-
JO_ZN,Jordan,Jordan Zain,JOD,36.00,36.00,0.00,75.68,-
KE_OR,Kenya,Kenya Orange,EUR,3.00,3.00,0.00,3.09,-
KE_OR,Kenya,Kenya Orange,EUR,7.50,7.50,0.00,7.72,-
KE_OR,Kenya,Kenya Orange,EUR,15.00,15.00,0.00,15.45,-
KE_OR,Kenya,Kenya Orange,EUR,30.00,30.00,0.00,30.89,-
KE_OR,Kenya,Kenya Orange,KES,315.00,315.00,0.00,3.09,-
KE_OR,Kenya,Kenya Orange,KES,787.00,787.00,0.00,7.72,-
KE_OR,Kenya,Kenya Orange,KES,1575.00,1575.00,0.00,15.45,-
KE_SC,Kenya,Kenya Safaricom,KES,100.00,100.00,0.00,1.10,-
KE_SC,Kenya,Kenya Safaricom,KES,600.00,600.00,0.00,6.58,-
KE_SC,Kenya,Kenya Safaricom,KES,900.00,900.00,0.00,9.88,-
KE_SC,Kenya,Kenya Safaricom,KES,1200.00,1200.00,0.00,13.17,-
KE_SC,Kenya,Kenya Safaricom,KES,1500.00,1500.00,0.00,16.46,-
KG_BE,Kyrgyzstan,Kyrgyzstan Beeline,KGS,100.00,25000.00,10.00,-,66.0355
KG_FN,Kyrgyzstan,Kyrgyzstan Fonex,KGS,100.00,60000.00,10.00,-,66.0355
KG_KT,Kyrgyzstan,Kyrgyzstan Katel,KGS,100.00,5000.00,10.00,-,66.0355
KG_MC,Kyrgyzstan,Kyrgyzstan MegaCom,KGS,100.00,60000.00,10.00,-,66.0355
KG_NX,Kyrgyzstan,Kyrgyzstan Nexi,KGS,100.00,5000.00,10.00,-,66.0355
KG_OO,Kyrgyzstan,Kyrgyzstan O!,KGS,100.00,10000.00,10.00,-,66.0355
KG_SC,Kyrgyzstan,Kyrgyzstan Sapatcom,KGS,100.00,20000.00,10.00,-,66.0355
LA_BL,Laos,Laos Beeline,LAK,5000.00,5000.00,0.00,0.64,-
LA_BL,Laos,Laos Beeline,LAK,10000.00,10000.00,0.00,1.28,-
LA_BL,Laos,Laos Beeline,LAK,20000.00,20000.00,0.00,2.58,-
LA_BL,Laos,Laos Beeline,LAK,50000.00,50000.00,0.00,6.44,-
LA_BL,Laos,Laos Beeline,LAK,100000.00,100000.00,0.00,12.84,-
LA_BL,Laos,Laos Beeline,LAK,200000.00,200000.00,0.00,25.67,-
LR_CC,Liberia,Liberia Cellcom,USD,5.00,20.00,1.00,-,0.8734
LR_MT,Liberia,Liberia MTN,USD,1.00,100.00,1.00,-,0.9346
LR_NR,Liberia,Liberia Novafone,USD,1.00,1.00,0.00,1.25,-
LR_NR,Liberia,Liberia Novafone,USD,3.00,3.00,0.00,3.76,-
LR_NR,Liberia,Liberia Novafone,USD,5.00,5.00,0.00,6.26,-
LR_NR,Liberia,Liberia Novafone,USD,10.00,10.00,0.00,12.52,-
LR_NR,Liberia,Liberia Novafone,USD,20.00,20.00,0.00,25.04,-
LR_NR,Liberia,Liberia Novafone,USD,50.00,50.00,0.00,62.60,-
MG_OR,Madagascar,Madagascar Orange,EUR,3.00,3.00,0.00,3.09,-
MG_OR,Madagascar,Madagascar Orange,EUR,7.50,7.50,0.00,7.72,-
MG_OR,Madagascar,Madagascar Orange,EUR,15.00,15.00,0.00,15.45,-
MG_OR,Madagascar,Madagascar Orange,EUR,30.00,30.00,0.00,30.89,-
CM,Malaysia,Malaysia Celcom Axiata,MYR,10.00,10.00,0.00,2.27,-
CM,Malaysia,Malaysia Celcom Axiata,MYR,20.00,20.00,0.00,4.54,-
CM,Malaysia,Malaysia Celcom Axiata,MYR,30.00,30.00,0.00,6.81,-
CM,Malaysia,Malaysia Celcom Axiata,MYR,50.00,50.00,0.00,11.34,-
CM,Malaysia,Malaysia Celcom Axiata,MYR,100.00,100.00,0.00,22.69,-
DG,Malaysia,Malaysia Digi,MYR,10.00,10.00,0.00,2.32,-
DG,Malaysia,Malaysia Digi,MYR,30.00,30.00,0.00,6.97,-
DG,Malaysia,Malaysia Digi,MYR,50.00,50.00,0.00,11.62,-
DG,Malaysia,Malaysia Digi,MYR,100.00,100.00,0.00,23.24,-
MX,Malaysia,Malaysia Maxis,MYR,10.00,10.00,0.00,2.33,-
MX,Malaysia,Malaysia Maxis,MYR,30.00,30.00,0.00,6.99,-
MX,Malaysia,Malaysia Maxis,MYR,60.00,60.00,0.00,13.97,-
MX,Malaysia,Malaysia Maxis,MYR,100.00,100.00,0.00,23.29,-
MY_MT,Malaysia,Malaysia Merchantrade,MYR,10.00,10.00,0.00,2.26,-
MY_MT,Malaysia,Malaysia Merchantrade,MYR,30.00,30.00,0.00,6.77,-
MY_MT,Malaysia,Malaysia Merchantrade,MYR,50.00,50.00,0.00,11.29,-
MY_TT,Malaysia,Malaysia Tunetalk,MYR,10.00,10.00,0.00,2.26,-
MY_TT,Malaysia,Malaysia Tunetalk,MYR,30.00,30.00,0.00,6.77,-
MY_TT,Malaysia,Malaysia Tunetalk,MYR,50.00,50.00,0.00,11.29,-
MY_TT,Malaysia,Malaysia Tunetalk,MYR,100.00,100.00,0.00,22.57,-
MY_UM,Malaysia,Malaysia UMobile,MYR,10.00,100.00,1.00,-,4.4541
ML_OR,Mali,Mali Orange,EUR,3.00,3.00,0.00,3.09,-
ML_OR,Mali,Mali Orange,EUR,7.50,7.50,0.00,7.72,-
ML_OR,Mali,Mali Orange,EUR,15.00,15.00,0.00,15.45,-
ML_OR,Mali,Mali Orange,EUR,30.00,30.00,0.00,30.89,-
ML_OR,Mali,Mali Orange,XOF,1950.00,1950.00,0.00,3.09,-
ML_OR,Mali,Mali Orange,XOF,4920.00,4920.00,0.00,7.72,-
ML_OR,Mali,Mali Orange,XOF,9840.00,9840.00,0.00,15.45,-
ML_OR,Mali,Mali Orange,XOF,19680.00,19680.00,0.00,30.89,-
MQ_DG,Martinique,Martinique Digicel,USD,5.00,70.00,1.00,-,1.0684
MX_IC,Mexico,Mexico Iusacell,USD,5.00,5.00,0.00,3.12,-
MX_IC,Mexico,Mexico Iusacell,USD,10.00,10.00,0.00,6.24,-
MX_IC,Mexico,Mexico Iusacell,USD,15.00,15.00,0.00,9.36,-
MX_IC,Mexico,Mexico Iusacell,USD,20.00,20.00,0.00,12.48,-
MX_IC,Mexico,Mexico Iusacell,USD,30.00,30.00,0.00,18.72,-
MX_IC,Mexico,Mexico Iusacell,USD,50.00,50.00,0.00,31.20,-
MX_ICM,Mexico,Mexico Iusacell MXN,MXN,50.00,50.00,1.00,3.12,-
MX_ICM,Mexico,Mexico Iusacell MXN,MXN,100.00,100.00,1.00,6.24,-
MX_ICM,Mexico,Mexico Iusacell MXN,MXN,150.00,150.00,1.00,9.36,-
MX_ICM,Mexico,Mexico Iusacell MXN,MXN,200.00,200.00,1.00,12.48,-
MX_ICM,Mexico,Mexico Iusacell MXN,MXN,300.00,300.00,1.00,18.72,-
MX_ICM,Mexico,Mexico Iusacell MXN,MXN,500.00,500.00,1.00,31.20,-
MX_MV,Mexico,Mexico Movistar,USD,2.00,70.00,0.01,-,1.0625
MX_MVM,Mexico,Mexico Movistar MXN,MXN,20.00,20.00,1.00,1.25,-
MX_MVM,Mexico,Mexico Movistar MXN,MXN,30.00,30.00,1.00,1.87,-
MX_MVM,Mexico,Mexico Movistar MXN,MXN,60.00,60.00,1.00,3.74,-
MX_MVM,Mexico,Mexico Movistar MXN,MXN,100.00,100.00,1.00,6.24,-
MX_MVM,Mexico,Mexico Movistar MXN,MXN,120.00,120.00,1.00,7.49,-
MX_MVM,Mexico,Mexico Movistar MXN,MXN,150.00,150.00,1.00,9.36,-
MX_MVM,Mexico,Mexico Movistar MXN,MXN,200.00,200.00,1.00,12.48,-
MX_MVM,Mexico,Mexico Movistar MXN,MXN,300.00,300.00,1.00,18.72,-
MX_MVM,Mexico,Mexico Movistar MXN,MXN,500.00,500.00,1.00,31.20,-
MX_NX,Mexico,Mexico Nextel,USD,5.00,5.00,0.00,3.12,-
MX_NX,Mexico,Mexico Nextel,USD,10.00,10.00,0.00,6.24,-
MX_NX,Mexico,Mexico Nextel,USD,20.00,20.00,0.00,12.48,-
MX_NX,Mexico,Mexico Nextel,USD,50.00,50.00,0.00,31.20,-
MX_NXM,Mexico,Mexico Nextel MXN,MXN,30.00,30.00,0.00,1.87,-
MX_NXM,Mexico,Mexico Nextel MXN,MXN,50.00,50.00,0.00,3.12,-
MX_NXM,Mexico,Mexico Nextel MXN,MXN,100.00,100.00,0.00,6.24,-
MX_NXM,Mexico,Mexico Nextel MXN,MXN,150.00,150.00,0.00,9.36,-
MX_NXM,Mexico,Mexico Nextel MXN,MXN,200.00,200.00,0.00,12.48,-
MX_NXM,Mexico,Mexico Nextel MXN,MXN,300.00,300.00,0.00,18.72,-
MX_NXM,Mexico,Mexico Nextel MXN,MXN,500.00,500.00,0.00,31.20,-
MX_TC,Mexico,Mexico Telcel,USD,5.00,5.00,0.00,4.71,-
MX_TC,Mexico,Mexico Telcel,USD,5.00,5.00,0.00,4.71,-
MX_TC,Mexico,Mexico Telcel,USD,10.00,10.00,0.00,9.41,-
MX_TC,Mexico,Mexico Telcel,USD,15.00,15.00,0.00,14.12,-
MX_TC,Mexico,Mexico Telcel,USD,20.00,20.00,0.00,18.82,-
MX_TM,Mexico,Mexico Telcel,MXN,20.00,20.00,0.00,1.14,-
MX_TM,Mexico,Mexico Telcel,MXN,30.00,30.00,0.00,1.72,-
MX_TM,Mexico,Mexico Telcel,MXN,50.00,50.00,0.00,2.86,-
MX_TC,Mexico,Mexico Telcel,USD,50.00,50.00,0.00,47.06,-
MX_TM,Mexico,Mexico Telcel,MXN,100.00,100.00,0.00,5.72,-
MX_TM,Mexico,Mexico Telcel,MXN,150.00,150.00,0.00,8.58,-
MX_TM,Mexico,Mexico Telcel,MXN,200.00,200.00,0.00,11.44,-
MX_TM,Mexico,Mexico Telcel,MXN,300.00,300.00,0.00,17.16,-
MX_TM,Mexico,Mexico Telcel,MXN,500.00,500.00,0.00,28.60,-
MX_UF,Mexico,Mexico Unefon,USD,5.00,5.00,0.00,3.12,-
MX_UF,Mexico,Mexico Unefon,USD,10.00,10.00,0.00,6.24,-
MX_UF,Mexico,Mexico Unefon,USD,15.00,15.00,0.00,9.36,-
MX_UF,Mexico,Mexico Unefon,USD,20.00,20.00,0.00,12.48,-
MX_UF,Mexico,Mexico Unefon,USD,30.00,30.00,0.00,18.72,-
MX_UFM,Mexico,Mexico Unefone MXN,MXN,50.00,50.00,0.00,3.12,-
MX_UFM,Mexico,Mexico Unefone MXN,MXN,100.00,100.00,0.00,6.24,-
MX_UFM,Mexico,Mexico Unefone MXN,MXN,150.00,150.00,0.00,9.36,-
MX_UFM,Mexico,Mexico Unefone MXN,MXN,200.00,200.00,0.00,12.48,-
MX_UFM,Mexico,Mexico Unefone MXN,MXN,300.00,300.00,0.00,18.72,-
MX_UFM,Mexico,Mexico Unefone MXN,MXN,500.00,500.00,0.00,31.20,-
MD_OR,"Moldova, Republic of",Moldova Orange,MDL,5.00,5000.00,1.00,-,19.0499
MD_UN,"Moldova, Republic of",Moldova Unite,MDL,5.00,10000.00,1.00,-,18.5760
MD_MC,"Moldova, Republic of","Moldova	Moldcell",MDL,5.00,15000.00,1.00,-,19.4467
MS_LM,Montserrat,Montserrat Lime,USD,5.00,100.00,1.00,-,1.0684
MA_BA,Morocco,Morocco BAYN CDMA,MAD,5.00,5.00,0.00,0.53,-
MA_BA,Morocco,Morocco BAYN CDMA,MAD,10.00,10.00,0.00,1.05,-
MA_BA,Morocco,Morocco BAYN CDMA,MAD,20.00,20.00,0.00,2.11,-
MA_BA,Morocco,Morocco BAYN CDMA,MAD,30.00,30.00,0.00,3.16,-
MA_BA,Morocco,Morocco BAYN CDMA,MAD,50.00,50.00,0.00,5.27,-
MA_BA,Morocco,Morocco BAYN CDMA,MAD,100.00,100.00,0.00,10.54,-
MA_BA,Morocco,Morocco BAYN CDMA,MAD,200.00,200.00,0.00,21.08,-
MA_BG,Morocco,Morocco BAYN GSM,MAD,5.00,5.00,0.00,0.53,-
MA_BG,Morocco,Morocco BAYN GSM,MAD,10.00,10.00,0.00,1.05,-
MA_BG,Morocco,Morocco BAYN GSM,MAD,20.00,20.00,0.00,2.11,-
MA_BG,Morocco,Morocco BAYN GSM,MAD,30.00,30.00,0.00,3.16,-
MA_BG,Morocco,Morocco BAYN GSM,MAD,50.00,50.00,0.00,5.27,-
MA_BG,Morocco,Morocco BAYN GSM,MAD,100.00,100.00,0.00,10.54,-
MA_BG,Morocco,Morocco BAYN GSM,MAD,200.00,200.00,0.00,21.08,-
MA_IW,Morocco,Morocco INWI,MAD,5.00,5.00,0.00,0.53,-
MA_IW,Morocco,Morocco INWI,MAD,10.00,10.00,0.00,1.05,-
MA_IW,Morocco,Morocco INWI,MAD,20.00,20.00,0.00,2.11,-
MA_IW,Morocco,Morocco INWI,MAD,30.00,30.00,0.00,3.16,-
MA_IW,Morocco,Morocco INWI,MAD,50.00,50.00,0.00,5.27,-
MA_IW,Morocco,Morocco INWI,MAD,100.00,100.00,0.00,10.54,-
MA_IW,Morocco,Morocco INWI,MAD,200.00,200.00,0.00,21.08,-
MA_MT,Morocco,Morocco Maroc Telecom,MAD,5.00,5.00,0.00,0.53,-
MA_MT,Morocco,Morocco Maroc Telecom,MAD,10.00,10.00,0.00,1.05,-
MA_MT,Morocco,Morocco Maroc Telecom,MAD,20.00,20.00,0.00,2.11,-
MA_MT,Morocco,Morocco Maroc Telecom,MAD,30.00,30.00,0.00,3.09,-
MA_MT,Morocco,Morocco Maroc Telecom,MAD,50.00,50.00,0.00,5.27,-
MA_MT,Morocco,Morocco Maroc Telecom,MAD,75.00,75.00,0.00,7.72,-
MA_MT,Morocco,Morocco Maroc Telecom,MAD,150.00,150.00,0.00,15.45,-
MA_MT,Morocco,Morocco Maroc Telecom,MAD,200.00,200.00,0.00,21.08,-
MA_MD,Morocco,Morocco Meditel,MAD,5.00,5.00,0.00,0.53,-
MA_MD,Morocco,Morocco Meditel,MAD,10.00,10.00,0.00,1.05,-
MA_MD,Morocco,Morocco Meditel,MAD,20.00,20.00,0.00,2.11,-
MA_MD,Morocco,Morocco Meditel,MAD,30.00,30.00,0.00,3.16,-
MA_MD,Morocco,Morocco Meditel,MAD,50.00,50.00,0.00,5.27,-
MA_MD,Morocco,Morocco Meditel,MAD,75.00,75.00,0.00,7.72,-
MA_MD,Morocco,Morocco Meditel,MAD,100.00,100.00,0.00,10.54,-
MA_MD,Morocco,Morocco Meditel,MAD,150.00,150.00,0.00,15.45,-
MA_MD,Morocco,Morocco Meditel,MAD,200.00,200.00,0.00,21.08,-
MZ_VC,Mozambique,Mozambique - Vodacom,USD,0.70,0.70,0.00,0.75,-
MZ_VC,Mozambique,Mozambique - Vodacom,USD,1.80,1.80,0.00,1.93,-
MZ_VC,Mozambique,Mozambique - Vodacom,USD,3.60,3.60,0.00,3.85,-
MZ_VC,Mozambique,Mozambique - Vodacom,USD,7.20,7.20,0.00,7.70,-
MZ_VC,Mozambique,Mozambique - Vodacom,USD,18.00,18.00,0.00,19.26,-
MZ_MC,Mozambique,Mozambique Mcel,MZN,20.00,20.00,0.00,0.36,-
MZ_MC,Mozambique,Mozambique Mcel,MZN,50.00,50.00,0.00,0.91,-
MZ_MC,Mozambique,Mozambique Mcel,MZN,100.00,100.00,0.00,1.71,-
MZ_MC,Mozambique,Mozambique Mcel,MZN,300.00,300.00,0.00,5.14,-
MZ_MC,Mozambique,Mozambique Mcel,MZN,600.00,600.00,0.00,10.17,-
MZ_MC,Mozambique,Mozambique Mcel,MZN,2000.00,2000.00,0.00,33.85,-
NP_DH,Nepal,Nepal Dish Home,NPR,100.00,5000.00,100.00,-,103.0823
NP_NC,Nepal,Nepal Ncell,NPR,10.00,5000.00,1.00,-,104.3382
NP_TG,Nepal,Nepal Telecom GSM,NPR,10.00,10.00,0.00,0.10,-
NP_TG,Nepal,Nepal Telecom GSM,NPR,20.00,20.00,0.00,0.20,-
NP_TG,Nepal,Nepal Telecom GSM,NPR,30.00,30.00,0.00,0.29,-
NP_TG,Nepal,Nepal Telecom GSM,NPR,50.00,50.00,0.00,0.48,-
NP_TG,Nepal,Nepal Telecom GSM,NPR,100.00,100.00,0.00,0.95,-
NP_TG,Nepal,Nepal Telecom GSM,NPR,150.00,150.00,0.00,1.43,-
NP_TG,Nepal,Nepal Telecom GSM,NPR,200.00,200.00,0.00,1.90,-
NP_TG,Nepal,Nepal Telecom GSM,NPR,300.00,300.00,0.00,2.85,-
NP_TG,Nepal,Nepal Telecom GSM,NPR,500.00,500.00,0.00,4.76,-
NP_TG,Nepal,Nepal Telecom GSM,NPR,1000.00,1000.00,0.00,9.52,-
NP_TG,Nepal,Nepal Telecom GSM,NPR,1500.00,1500.00,0.00,14.27,-
NP_TG,Nepal,Nepal Telecom GSM,NPR,2000.00,2000.00,0.00,19.03,-
NP_TG,Nepal,Nepal Telecom GSM,NPR,2500.00,2500.00,0.00,23.79,-
NP_TG,Nepal,Nepal Telecom GSM,NPR,3000.00,3000.00,0.00,28.55,-
NP_TG,Nepal,Nepal Telecom GSM,NPR,4000.00,4000.00,0.00,38.06,-
NP_TG,Nepal,Nepal Telecom GSM,NPR,5000.00,5000.00,0.00,47.58,-
NI_CR,Nicaragua,Nicaragua Claro,USD,2.00,100.00,1.00,-,1.1312
NI_MV,Nicaragua,Nicaragua Movistar,USD,3.00,100.00,1.00,-,1.0625
NE_OR,Niger,Niger Orange,EUR,3.00,3.00,0.00,3.09,-
NE_OR,Niger,Niger Orange,EUR,7.50,7.50,0.00,7.72,-
NE_OR,Niger,Niger Orange,EUR,15.00,15.00,0.00,15.45,-
NE_OR,Niger,Niger Orange,EUR,30.00,30.00,0.00,30.89,-
NE_OR,Niger,Niger Orange,XOF,1950.00,1950.00,0.00,3.09,-
NE_OR,Niger,Niger Orange,XOF,4920.00,4920.00,0.00,7.72,-
NE_OR,Niger,Niger Orange,XOF,9840.00,9840.00,0.00,15.45,-
NE_OR,Niger,Niger Orange,XOF,19680.00,19680.00,0.00,30.89,-
NG_AT,Nigeria,Nigeria Airtel,NGN,50.00,50000.00,10.00,-,301.5727
NG_ET,Nigeria,Nigeria Etisalat,NGN,50.00,50000.00,10.00,-,305.6478
NG_GM,Nigeria,Nigeria Glo Mobile,NGN,50.00,50000.00,10.00,-,307.3094
NG_MT,Nigeria,Nigeria MTN,NGN,50.00,50000.00,10.00,-,297.6049
ML,Pakistan,Pakistan Mobilink,PKR,50.00,5000.00,1.00,-,99.7871
TP,Pakistan,Pakistan Telenor,PKR,50.00,5000.00,1.00,-,100.8157
UF,Pakistan,Pakistan Ufone,PKR,50.00,5000.00,1.00,-,99.7871
WP,Pakistan,Pakistan Warid,PKR,50.00,5000.00,1.00,-,100.9227
ZP,Pakistan,Pakistan Zong,PKR,50.00,5000.00,1.00,-,100.6083
PS_JW,Palestinian,Palestine Jawwal,ILS,10.00,100.00,10.00,-,3.8350
PA_DC,Panama,Panama Digicel,USD,7.00,7.00,0.00,6.30,-
PA_DC,Panama,Panama Digicel,USD,10.00,10.00,0.00,10.40,-
PA_DC,Panama,Panama Digicel,USD,14.00,14.00,0.00,12.59,-
PA_DC,Panama,Panama Digicel,USD,20.00,20.00,0.00,20.80,-
PA_MV,Panama,Panama Movistar,USD,2.00,70.00,0.01,-,1.0625
PY_PS,Paraguay,Paraguay Personal,USD,1.00,35.00,1.00,-,1.0684
PY_TG,Paraguay,Paraguay Tigo,USD,1.00,35.00,1.00,-,1.1052
PE_MV,Peru,Peru Movistar,USD,2.00,70.00,0.01,-,1.0625
PH_MD,Philippines,Philippines Generika MedPadala,PHP,300.00,300.00,0.00,6.46,-
PH_MD,Philippines,Philippines Generika MedPadala,PHP,500.00,500.00,0.00,10.76,-
PH_MD,Philippines,Philippines Generika MedPadala,PHP,1000.00,1000.00,0.00,21.52,-
GL,Philippines,Philippines Globe Telecom,PHP,15.00,15.00,0.00,0.31,-
GL,Philippines,Philippines Globe Telecom,PHP,20.00,20.00,0.00,0.42,-
GL,Philippines,Philippines Globe Telecom,PHP,25.00,25.00,0.00,0.50,-
GL,Philippines,Philippines Globe Telecom,PHP,50.00,50.00,0.00,0.98,-
GL,Philippines,Philippines Globe Telecom,PHP,100.00,100.00,0.00,1.96,-
GL,Philippines,Philippines Globe Telecom,PHP,150.00,150.00,0.00,2.94,-
GL,Philippines,Philippines Globe Telecom,PHP,200.00,200.00,0.00,3.92,-
GL,Philippines,Philippines Globe Telecom,PHP,300.00,300.00,0.00,5.88,-
GL,Philippines,Philippines Globe Telecom,PHP,500.00,500.00,0.00,9.79,-
GL,Philippines,Philippines Globe Telecom,PHP,1000.00,1000.00,0.00,19.58,-
PH_SD,Philippines,Philippines Smart Big Byte Data,PHP,50.00,50.00,0.00,0.99,-
PH_SD,Philippines,Philippines Smart Big Byte Data,PHP,70.00,70.00,0.00,1.38,-
SM,Philippines,Philippines Smart Communications,PHP,15.00,15.00,0.00,0.30,-
SM,Philippines,Philippines Smart Communications,PHP,30.00,30.00,0.00,0.60,-
SM,Philippines,Philippines Smart Communications,PHP,50.00,50.00,0.00,0.98,-
SM,Philippines,Philippines Smart Communications,PHP,60.00,60.00,0.00,1.17,-
SM,Philippines,Philippines Smart Communications,PHP,100.00,100.00,0.00,1.95,-
SM,Philippines,Philippines Smart Communications,PHP,115.00,115.00,0.00,2.25,-
SM,Philippines,Philippines Smart Communications,PHP,200.00,200.00,0.00,3.91,-
SM,Philippines,Philippines Smart Communications,PHP,300.00,300.00,0.00,5.86,-
SM,Philippines,Philippines Smart Communications,PHP,500.00,500.00,0.00,9.77,-
SM,Philippines,Philippines Smart Communications,PHP,1000.00,1000.00,0.00,19.54,-
SN,Philippines,Philippines Sun Cellular,PHP,10.00,10.00,0.00,0.20,-
SN,Philippines,Philippines Sun Cellular,PHP,15.00,15.00,0.00,0.30,-
SN,Philippines,Philippines Sun Cellular,PHP,20.00,20.00,0.00,0.40,-
SN,Philippines,Philippines Sun Cellular,PHP,30.00,30.00,0.00,0.60,-
SN,Philippines,Philippines Sun Cellular,PHP,50.00,50.00,0.00,0.98,-
SN,Philippines,Philippines Sun Cellular,PHP,100.00,100.00,0.00,1.96,-
SN,Philippines,Philippines Sun Cellular,PHP,150.00,150.00,0.00,2.94,-
SN,Philippines,Philippines Sun Cellular,PHP,300.00,300.00,0.00,5.89,-
SN,Philippines,Philippines Sun Cellular,PHP,500.00,500.00,0.00,9.81,-
PL_HY,Poland,Poland Heyah,PLN,5.00,500.00,1.00,-,4.0571
PL_LC,Poland,Poland Lyca Mobile,PLN,5.00,5.00,0.00,1.23,-
PL_LC,Poland,Poland Lyca Mobile,PLN,10.00,10.00,0.00,2.46,-
PL_LC,Poland,Poland Lyca Mobile,PLN,20.00,20.00,0.00,4.93,-
PL_LC,Poland,Poland Lyca Mobile,PLN,30.00,30.00,0.00,7.39,-
PL_LC,Poland,Poland Lyca Mobile,PLN,50.00,50.00,0.00,12.32,-
PL_LC,Poland,Poland Lyca Mobile,PLN,100.00,100.00,0.00,24.65,-
PL_OR,Poland,Poland Orange,PLN,5.00,5.00,0.00,1.23,-
PL_OR,Poland,Poland Orange,PLN,10.00,10.00,0.00,2.46,-
PL_OR,Poland,Poland Orange,PLN,30.00,30.00,0.00,7.39,-
PL_OR,Poland,Poland Orange,PLN,40.00,40.00,0.00,9.86,-
PL_OR,Poland,Poland Orange,PLN,50.00,50.00,0.00,12.32,-
PL_OR,Poland,Poland Orange,PLN,100.00,100.00,0.00,24.65,-
PL_OR,Poland,Poland Orange,PLN,200.00,200.00,0.00,49.30,-
PL_PL,Poland,Poland Play,PLN,5.00,300.00,1.00,-,4.0363
PL_PS,Poland,Poland Plus,PLN,5.00,150.00,1.00,-,4.0571
PL_TM,Poland,Poland T-Mobile,PLN,5.00,500.00,1.00,-,4.0571
PL_VM,Poland,Poland Virgin Mobile,PLN,5.00,5.00,0.00,1.23,-
PL_VM,Poland,Poland Virgin Mobile,PLN,10.00,10.00,0.00,2.46,-
PL_VM,Poland,Poland Virgin Mobile,PLN,30.00,30.00,0.00,7.39,-
PL_VM,Poland,Poland Virgin Mobile,PLN,50.00,50.00,0.00,12.32,-
PL_VM,Poland,Poland Virgin Mobile,PLN,100.00,100.00,0.00,24.65,-
PL_VM,Poland,Poland Virgin Mobile,PLN,150.00,150.00,0.00,36.97,-
RO_OR,Romania,Romania Orange,EUR,10.00,10.00,0.00,13.84,-
RO_OR,Romania,Romania Orange,EUR,15.00,15.00,0.00,20.75,-
RO_OR,Romania,Romania Orange,EUR,20.00,20.00,0.00,27.67,-
RO_VF,Romania,Romania Vodafone,EUR,5.00,5.00,0.00,6.61,-
RO_VF,Romania,Romania Vodafone,EUR,10.00,10.00,0.00,13.21,-
RO_VF,Romania,Romania Vodafone,EUR,15.00,15.00,0.00,21.33,-
RO_VF,Romania,Romania Vodafone,EUR,20.00,20.00,0.00,26.43,-
RO_VF,Romania,Romania Vodafone,EUR,30.00,30.00,0.00,39.65,-
RU_BE,Russian Federation,Russia Beeline,RUB,10.00,15000.00,0.01,-,56.4060
RU_MF,Russian Federation,Russia Megafon,RUB,20.00,15000.00,0.01,-,56.4060
RU_MT,Russian Federation,Russia MTS,RUB,20.00,15000.00,0.01,-,56.4060
RU_T2,Russian Federation,Russia Tele2,RUB,20.00,15000.00,0.01,-,56.4060
RW_MT,Rwanda,Rwanda MTN,RWF,500.00,40000.00,100.00,-,607.4596
KN_LM,Saint Kitts and Nevis,Saint Kitts and Nevis Lime,USD,2.00,100.00,1.00,-,1.0927
KN_DG,Saint Kitts and Nevis,St Kitts & Nevis Digicel,USD,2.00,70.00,1.00,-,0.4190
LC_DG,Saint Lucia,St Lucia Digicel,USD,2.00,70.00,1.00,-,0.4410
LC_LM,Saint Lucia,St Lucia Lime,USD,2.00,100.00,1.00,-,0.4157
VC_LM,Saint Vincent & the Grenadines,Saint Vincent and the Grenadines Lime,USD,2.00,100.00,1.00,-,0.4157
VC_DG,Saint Vincent & the Grenadines,St Vincent & Grenadines Digicel,USD,2.00,70.00,1.00,-,0.4190
SN_OR,Senegal,Senegal Orange,EUR,7.50,7.50,0.00,7.72,-
SN_OR,Senegal,Senegal Orange,EUR,15.00,15.00,0.00,15.45,-
SN_OR,Senegal,Senegal Orange,EUR,30.00,30.00,0.00,30.89,-
SN_OR,Senegal,Senegal Orange,XOF,4920.00,4920.00,0.00,7.72,-
SN_OR,Senegal,Senegal Orange,XOF,9840.00,9840.00,0.00,15.45,-
SN_OR,Senegal,Senegal Orange,XOF,19680.00,19680.00,0.00,30.89,-
RS_TP,Serbia and Montenegro,Serbia Telenor,USD,5.00,50.00,1.00,-,0.9346
RS_TP,Serbia and Montenegro,Serbia Telenor,USD,5.00,5.00,0.00,5.35,-
RS_TP,Serbia and Montenegro,Serbia Telenor,USD,10.00,10.00,0.00,10.70,-
RS_TP,Serbia and Montenegro,Serbia Telenor,USD,20.00,20.00,0.00,21.40,-
RS_TP,Serbia and Montenegro,Serbia Telenor,USD,30.00,30.00,0.00,32.10,-
RS_TP,Serbia and Montenegro,Serbia Telenor,USD,40.00,40.00,0.00,42.80,-
RS_TP,Serbia and Montenegro,Serbia Telenor,USD,50.00,50.00,0.00,53.50,-
SL_AC,Sierra Leone,Sierra Leone Africell,SLL,5000.00,5000.00,0.00,0.88,-
SL_AC,Sierra Leone,Sierra Leone Africell,SLL,10000.00,10000.00,0.00,1.76,-
SL_AC,Sierra Leone,Sierra Leone Africell,SLL,30000.00,30000.00,0.00,5.27,-
SL_AC,Sierra Leone,Sierra Leone Africell,SLL,50000.00,50000.00,0.00,8.79,-
SL_AC,Sierra Leone,Sierra Leone Africell,SLL,100000.00,100000.00,0.00,17.58,-
SL_AC,Sierra Leone,Sierra Leone Africell,SLL,200000.00,200000.00,0.00,35.16,-
SL_AC,Sierra Leone,Sierra Leone Africell,SLL,300000.00,300000.00,0.00,52.74,-
SG_M1,Singapore,Singapore M1,SGD,2.00,2.00,0.00,1.38,-
SG_M1,Singapore,Singapore M1,SGD,5.00,5.00,0.00,3.44,-
SG_M1,Singapore,Singapore M1,SGD,10.00,10.00,0.00,6.88,-
SG_M1,Singapore,Singapore M1,SGD,18.00,18.00,0.00,12.38,-
SG_M1,Singapore,Singapore M1,SGD,25.00,25.00,0.00,17.19,-
SG_M1,Singapore,Singapore M1,SGD,50.00,50.00,0.00,34.38,-
SG_ST,Singapore,Singapore SingTel,SGD,5.00,5.00,0.00,3.36,-
SG_ST,Singapore,Singapore SingTel,SGD,10.00,10.00,0.00,6.73,-
SG_ST,Singapore,Singapore SingTel,SGD,20.00,20.00,0.00,13.46,-
SG_ST,Singapore,Singapore SingTel,SGD,50.00,50.00,0.00,33.64,-
SG_SH,Singapore,Singapore Starhub,SGD,2.00,2.00,0.00,1.36,-
SG_SH,Singapore,Singapore Starhub,SGD,5.00,5.00,0.00,3.40,-
SG_SH,Singapore,Singapore Starhub,SGD,10.00,10.00,0.00,6.80,-
SG_SH,Singapore,Singapore Starhub,SGD,18.00,18.00,0.00,12.24,-
SG_SH,Singapore,Singapore Starhub,SGD,28.00,28.00,0.00,19.04,-
SG_SH,Singapore,Singapore Starhub,SGD,50.00,50.00,0.00,34.01,-
ZA_8T,South Africa,South Africa 8ta,ZAR,5.00,1000.00,1.00,-,13.8921
ZA_CC,South Africa,South Africa Cell C,ZAR,5.00,1000.00,1.00,-,13.5293
ZA_MT,South Africa,South Africa MTN,ZAR,5.00,1000.00,1.00,-,13.4591
ZA_VC,South Africa,South Africa Vodacom,ZAR,5.00,1000.00,1.00,-,13.4591
ES_LB,Spain,Spain Lebara,EUR,5.00,5.00,0.00,7.69,-
ES_LB,Spain,Spain Lebara,EUR,10.00,10.00,0.00,15.37,-
ES_LB,Spain,Spain Lebara,EUR,15.00,15.00,0.00,23.07,-
ES_LB,Spain,Spain Lebara,EUR,20.00,20.00,0.00,30.75,-
ES_LB,Spain,Spain Lebara,EUR,30.00,30.00,0.00,46.12,-
ES_LY,Spain,Spain Llamaya,EUR,5.00,5.00,0.00,7.69,-
ES_LY,Spain,Spain Llamaya,EUR,10.00,10.00,0.00,15.37,-
ES_LY,Spain,Spain Llamaya,EUR,15.00,15.00,0.00,23.07,-
ES_LY,Spain,Spain Llamaya,EUR,20.00,20.00,0.00,30.75,-
ES_LY,Spain,Spain Llamaya,EUR,30.00,30.00,0.00,46.12,-
ES_LC,Spain,Spain Lyca Mobile,EUR,5.00,5.00,0.00,7.69,-
ES_LC,Spain,Spain Lyca Mobile,EUR,10.00,10.00,0.00,15.37,-
ES_LC,Spain,Spain Lyca Mobile,EUR,15.00,15.00,0.00,23.07,-
ES_LC,Spain,Spain Lyca Mobile,EUR,20.00,20.00,0.00,30.75,-
ES_LC,Spain,Spain Lyca Mobile,EUR,30.00,30.00,0.00,46.12,-
ES_OR,Spain,Spain Orange,EUR,5.00,5.00,0.00,7.77,-
ES_OR,Spain,Spain Orange,EUR,10.00,10.00,0.00,15.54,-
ES_OR,Spain,Spain Orange,EUR,15.00,15.00,0.00,23.31,-
ES_OR,Spain,Spain Orange,EUR,20.00,20.00,0.00,31.08,-
ES_OR,Spain,Spain Orange,EUR,30.00,30.00,0.00,46.60,-
ES_VF,Spain,Spain Vodafone,EUR,5.00,5.00,0.00,7.77,-
ES_VF,Spain,Spain Vodafone,EUR,10.00,10.00,0.00,15.54,-
ES_VF,Spain,Spain Vodafone,EUR,15.00,15.00,0.00,23.31,-
ES_VF,Spain,Spain Vodafone,EUR,20.00,20.00,0.00,31.08,-
ES_VF,Spain,Spain Vodafone,EUR,30.00,30.00,0.00,46.60,-
ES_YG,Spain,Spain Yoigo,EUR,5.00,5.00,0.00,7.69,-
ES_YG,Spain,Spain Yoigo,EUR,10.00,10.00,0.00,15.37,-
ES_YG,Spain,Spain Yoigo,EUR,15.00,15.00,0.00,23.07,-
ES_YG,Spain,Spain Yoigo,EUR,20.00,20.00,0.00,30.75,-
ES_YG,Spain,Spain Yoigo,EUR,30.00,30.00,0.00,46.12,-
LK_AT,Sri Lanka,Sri Lanka Airtel,LKR,100.00,3000.00,10.00,-,148.5579
LK_DL,Sri Lanka,Sri Lanka Dialog Axiata,LKR,100.00,3000.00,10.00,-,148.5579
LK_ET,Sri Lanka,Sri Lanka Etisalat,LKR,100.00,3000.00,10.00,-,144.7094
LK_HC,Sri Lanka,Sri Lanka Hutchison,LKR,100.00,3000.00,10.00,-,128.7430
LK_MO,Sri Lanka,Sri Lanka Mobitel,LKR,100.00,3000.00,10.00,-,146.9942
SD_ZN,Sudan,Sudan Zain,SDG,5.00,5.00,0.00,0.79,-
SD_ZN,Sudan,Sudan Zain,SDG,10.00,10.00,0.00,1.59,-
SD_ZN,Sudan,Sudan Zain,SDG,20.00,20.00,0.00,3.17,-
SD_ZN,Sudan,Sudan Zain,SDG,50.00,50.00,0.00,7.93,-
SD_ZN,Sudan,Sudan Zain,SDG,100.00,100.00,0.00,15.86,-
SZ_MT,Swaziland,Swaziland MTN,SZL,5.00,500.00,1.00,-,10.2804
TJ_BM,Tajikistan,Tajikistan Babilon Mobile,TJS,1.00,1000.00,1.00,-,7.6119
TJ_BE,Tajikistan,Tajikistan Beeline,TJS,1.00,1000.00,1.00,-,7.5890
TJ_MP,Tajikistan,Tajikistan Megafon,TJS,1.00,1000.00,1.00,-,7.5890
TJ_TC,Tajikistan,Tajikistan Tcell,TJS,1.00,1000.00,1.00,-,7.5662
TJ_TM,Tajikistan,Tajikistan TK Mobile,TJS,1.00,1000.00,1.00,-,7.6195
TZ_AT,"Tanzania, United Republic of",Tanzania Airtel,TZS,500.00,10000.00,100.00,-,2116.7605
TZ_AT,"Tanzania, United Republic of",Tanzania Airtel,TZS,10100.00,50000.00,100.00,-,2116.7605
TZ_SM,"Tanzania, United Republic of",Tanzania Smart,TZS,500.00,10000.00,100.00,-,2116.7605
TZ_SM,"Tanzania, United Republic of",Tanzania Smart,TZS,10100.00,50000.00,100.00,-,2116.7605
TZ_TG,"Tanzania, United Republic of",Tanzania Tigo,TZS,500.00,10000.00,100.00,-,2116.7605
TZ_TG,"Tanzania, United Republic of",Tanzania Tigo,TZS,10100.00,50000.00,100.00,-,2116.7605
TZ_VC,"Tanzania, United Republic of",Tanzania Vodacom,TZS,500.00,10000.00,100.00,-,2116.7605
TZ_VC,"Tanzania, United Republic of",Tanzania Vodacom,TZS,10100.00,50000.00,100.00,-,2116.7605
TZ_ZT,"Tanzania, United Republic of",Tanzania Zantel,TZS,500.00,10000.00,100.00,-,2116.7605
TZ_ZT,"Tanzania, United Republic of",Tanzania Zantel,TZS,10100.00,50000.00,100.00,-,2116.7605
AIS,Thailand,Advanced Info Service,THB,50.00,50.00,0.00,1.44,-
AIS,Thailand,Advanced Info Service,THB,100.00,100.00,0.00,2.89,-
AIS,Thailand,Advanced Info Service,THB,200.00,200.00,0.00,5.78,-
AIS,Thailand,Advanced Info Service,THB,250.00,250.00,0.00,7.22,-
AIS,Thailand,Advanced Info Service,THB,300.00,300.00,0.00,8.67,-
AIS,Thailand,Advanced Info Service,THB,400.00,400.00,0.00,11.56,-
AIS,Thailand,Advanced Info Service,THB,500.00,500.00,0.00,14.45,-
AIS,Thailand,Advanced Info Service,THB,800.00,800.00,0.00,23.12,-
AIS,Thailand,Advanced Info Service,THB,1000.00,1000.00,0.00,28.90,-
TH_DT,Thailand,Thailand Dtac,THB,50.00,50.00,0.00,1.49,-
TH_DT,Thailand,Thailand Dtac,THB,100.00,100.00,0.00,2.98,-
TH_DT,Thailand,Thailand Dtac,THB,200.00,200.00,0.00,5.96,-
TH_DT,Thailand,Thailand Dtac,THB,300.00,300.00,0.00,8.94,-
TH_DT,Thailand,Thailand Dtac,THB,400.00,400.00,0.00,11.92,-
TH_DT,Thailand,Thailand Dtac,THB,500.00,500.00,0.00,14.89,-
TH_DT,Thailand,Thailand Dtac,THB,800.00,800.00,0.00,23.83,-
TH_DT,Thailand,Thailand Dtac,THB,1000.00,1000.00,0.00,29.79,-
TH_TM,Thailand,Thailand True Move,THB,50.00,50.00,0.00,1.49,-
TH_TM,Thailand,Thailand True Move,THB,100.00,100.00,0.00,2.98,-
TH_TM,Thailand,Thailand True Move,THB,200.00,200.00,0.00,5.96,-
TH_TM,Thailand,Thailand True Move,THB,250.00,250.00,0.00,7.45,-
TH_TM,Thailand,Thailand True Move,THB,300.00,300.00,0.00,8.94,-
TH_TM,Thailand,Thailand True Move,THB,400.00,400.00,0.00,11.92,-
TH_TM,Thailand,Thailand True Move,THB,500.00,500.00,0.00,14.89,-
TH_TM,Thailand,Thailand True Move,THB,800.00,800.00,0.00,23.83,-
TH_TM,Thailand,Thailand True Move,THB,1000.00,1000.00,0.00,29.79,-
TT_BM,Trinidad and Tobago,Trinidad and Tobago bMobile,USD,5.00,75.00,1.00,-,1.0804
TT_DC,Trinidad and Tobago,Trinidad and Tobago Digicel,USD,2.00,75.00,1.00,-,1.1246
TN_OR,Tunisia,Tunisia Orange,EUR,3.00,3.00,0.00,3.09,-
TN_OR,Tunisia,Tunisia Orange,TND,7.00,7.00,0.00,3.09,-
TN_OR,Tunisia,Tunisia Orange,EUR,7.50,7.50,0.00,7.72,-
TN_OR,Tunisia,Tunisia Orange,EUR,15.00,15.00,0.00,15.45,-
TN_OR,Tunisia,Tunisia Orange,TND,17.50,17.50,0.00,7.72,-
TN_OR,Tunisia,Tunisia Orange,EUR,30.00,30.00,0.00,30.89,-
TN_OR,Tunisia,Tunisia Orange,TND,35.00,35.00,0.00,15.45,-
TR_AV,Turkey,Turkey Avea,TRY,20.00,20.00,0.00,5.95,-
TR_AV,Turkey,Turkey Avea,TRY,25.00,25.00,0.00,7.43,-
TR_AV,Turkey,Turkey Avea,TRY,30.00,30.00,0.00,8.92,-
TR_AV,Turkey,Turkey Avea,TRY,50.00,50.00,0.00,14.86,-
TR_TC,Turkey,Turkey Turkcell,TRY,15.00,15.00,0.00,4.53,-
TR_TC,Turkey,Turkey Turkcell,TRY,20.00,20.00,0.00,6.04,-
TR_TC,Turkey,Turkey Turkcell,TRY,25.00,25.00,0.00,7.55,-
TR_TC,Turkey,Turkey Turkcell,TRY,30.00,30.00,0.00,9.06,-
TR_TC,Turkey,Turkey Turkcell,TRY,50.00,50.00,0.00,15.09,-
TR_VF,Turkey,Turkey Vodafone,TRY,15.00,15.00,0.00,4.50,-
TR_VF,Turkey,Turkey Vodafone,TRY,20.00,20.00,0.00,6.01,-
TR_VF,Turkey,Turkey Vodafone,TRY,25.00,25.00,0.00,7.51,-
TR_VF,Turkey,Turkey Vodafone,TRY,30.00,30.00,0.00,9.01,-
TR_VF,Turkey,Turkey Vodafone,TRY,50.00,50.00,0.00,15.02,-
TC_DG,Turks and Caicos Islands,Turks & Caicos Digicel,USD,2.00,75.00,1.00,-,1.0684
TC_LM,Turks and Caicos Islands,Turks & Caicos Lime,USD,5.00,100.00,1.00,-,1.0684
UG_AT,Uganda,Uganda Airtel,UGX,100.00,50000.00,100.00,-,3529.4533
UG_MT,Uganda,Uganda MTN,UGX,100.00,50000.00,100.00,-,3492.7177
UG_OR,Uganda,Uganda Orange,UGX,100.00,50000.00,100.00,-,3644.5805
UG_SM,Uganda,Uganda Smart,UGX,100.00,50000.00,100.00,-,3529.4533
UG_TC,Uganda,Uganda Telecom,UGX,100.00,50000.00,100.00,-,3529.4533
UG_VF,Uganda,Uganda Vodafone,UGX,100.00,50000.00,100.00,-,3529.4533
UA_KS,Ukraine,Ukraine Kyvistar,UAH,5.00,5000.00,1.00,-,24.4193
UA_LF,Ukraine,Ukraine Life,UAH,5.00,5000.00,1.00,-,24.4193
UA_MT,Ukraine,Ukraine MTS,UAH,5.00,5000.00,1.00,-,24.4193
UA_UT,Ukraine,Ukraine Utel,UAH,5.00,5000.00,1.00,-,24.9077
US_AT,United States,United States AT&T,USD,10.00,100.00,1.00,-,1.1467
US_CR,United States,United States Claro (Puerto Rico),USD,5.00,5.00,0.00,4.82,-
US_CR,United States,United States Claro (Puerto Rico),USD,10.00,10.00,0.00,9.63,-
US_CR,United States,United States Claro (Puerto Rico),USD,20.00,20.00,0.00,19.26,-
US_CR,United States,United States Claro (Puerto Rico),USD,30.00,30.00,0.00,28.89,-
US_CR,United States,United States Claro (Puerto Rico),USD,50.00,50.00,0.00,48.15,-
US_CR,United States,United States Claro (Puerto Rico),USD,60.00,60.00,0.00,57.78,-
US_LC,United States,United States Lyca Mobile,USD,10.00,100.00,1.00,-,1.0384
US_TM,United States,United States T-Mobile,USD,10.00,100.00,1.00,-,0.9585
US_VW,United States,United States Verizon Wireless,USD,5.00,150.00,1.00,-,1.0501
UY_MV,Uruguay,Uruguay Movistar,USD,2.00,70.00,0.10,-,1.0625
UZ_BE,Uzbekistan,Uzbekistan Beeline,USD,1.00,100.00,0.10,-,0.9713
UZ_UC,Uzbekistan,Uzbekistan Ucell,USD,1.00,100.00,0.10,-,0.9713
VN_BL,Vietnam,Vietnam Beeline,VND,10000.00,10000.00,0.00,0.44,-
VN_BL,Vietnam,Vietnam Beeline,VND,20000.00,20000.00,0.00,0.88,-
VN_BL,Vietnam,Vietnam Beeline,VND,30000.00,30000.00,0.00,1.32,-
VN_BL,Vietnam,Vietnam Beeline,VND,50000.00,50000.00,0.00,2.20,-
VN_BL,Vietnam,Vietnam Beeline,VND,100000.00,100000.00,0.00,4.40,-
VN_BL,Vietnam,Vietnam Beeline,VND,200000.00,200000.00,0.00,8.79,-
VN_BL,Vietnam,Vietnam Beeline,VND,300000.00,300000.00,0.00,13.19,-
VN_BL,Vietnam,Vietnam Beeline,VND,500000.00,500000.00,0.00,21.98,-
MF,Vietnam,Vietnam Mobifone,VND,10000.00,10000.00,0.00,0.44,-
MF,Vietnam,Vietnam Mobifone,VND,20000.00,20000.00,0.00,0.89,-
MF,Vietnam,Vietnam Mobifone,VND,30000.00,30000.00,0.00,1.33,-
MF,Vietnam,Vietnam Mobifone,VND,50000.00,50000.00,0.00,2.22,-
MF,Vietnam,Vietnam Mobifone,VND,100000.00,100000.00,0.00,4.44,-
MF,Vietnam,Vietnam Mobifone,VND,200000.00,200000.00,0.00,8.88,-
MF,Vietnam,Vietnam Mobifone,VND,300000.00,300000.00,0.00,13.33,-
MF,Vietnam,Vietnam Mobifone,VND,500000.00,500000.00,0.00,22.21,-
VN_VM,Vietnam,Vietnam Mobile,VND,10000.00,10000.00,0.00,0.44,-
VN_VM,Vietnam,Vietnam Mobile,VND,20000.00,20000.00,0.00,0.88,-
VN_VM,Vietnam,Vietnam Mobile,VND,30000.00,30000.00,0.00,1.32,-
VN_VM,Vietnam,Vietnam Mobile,VND,50000.00,50000.00,0.00,2.19,-
VN_VM,Vietnam,Vietnam Mobile,VND,100000.00,100000.00,0.00,4.39,-
VN_VM,Vietnam,Vietnam Mobile,VND,200000.00,200000.00,0.00,8.77,-
VN_VM,Vietnam,Vietnam Mobile,VND,300000.00,300000.00,0.00,13.16,-
VN_VM,Vietnam,Vietnam Mobile,VND,500000.00,500000.00,0.00,21.93,-
VT,Vietnam,Vietnam Viettel Mobile,VND,10000.00,5000000.00,10000.00,-,21963.5405
VT,Vietnam,Vietnam Viettel Mobile,VND,10000.00,10000.00,0.00,0.46,-
VT,Vietnam,Vietnam Viettel Mobile,VND,20000.00,20000.00,0.00,0.91,-
VT,Vietnam,Vietnam Viettel Mobile,VND,30000.00,30000.00,0.00,1.37,-
VT,Vietnam,Vietnam Viettel Mobile,VND,50000.00,50000.00,0.00,2.28,-
VT,Vietnam,Vietnam Viettel Mobile,VND,100000.00,100000.00,0.00,4.55,-
VT,Vietnam,Vietnam Viettel Mobile,VND,200000.00,200000.00,0.00,9.11,-
VT,Vietnam,Vietnam Viettel Mobile,VND,300000.00,300000.00,0.00,13.66,-
VT,Vietnam,Vietnam Viettel Mobile,VND,500000.00,500000.00,0.00,22.76,-
VN,Vietnam,Vietnam Vinaphone,VND,10000.00,10000.00,0.00,0.45,-
VN,Vietnam,Vietnam Vinaphone,VND,20000.00,20000.00,0.00,0.89,-
VN,Vietnam,Vietnam Vinaphone,VND,30000.00,30000.00,0.00,1.34,-
VN,Vietnam,Vietnam Vinaphone,VND,50000.00,50000.00,0.00,2.23,-
VN,Vietnam,Vietnam Vinaphone,VND,100000.00,100000.00,0.00,4.46,-
VN,Vietnam,Vietnam Vinaphone,VND,200000.00,200000.00,0.00,8.92,-
VN,Vietnam,Vietnam Vinaphone,VND,300000.00,300000.00,0.00,13.38,-
VN,Vietnam,Vietnam Vinaphone,VND,500000.00,500000.00,0.00,22.31,-
VG_DG,"Virgin Islands, British",British Virgin Islands Digicel,USD,5.00,50.00,1.00,-,1.1485
VG_LM,"Virgin Islands, British",British Virgin Islands Lime,USD,5.00,50.00,1.00,-,1.0684
YE_MT,Yemen,Yemen MTN,YER,180.00,180.00,0.00,0.77,-
YE_MT,Yemen,Yemen MTN,YER,278.00,278.00,0.00,1.20,-
YE_MT,Yemen,Yemen MTN,YER,476.00,476.00,0.00,2.04,-
YE_MT,Yemen,Yemen MTN,YER,667.00,667.00,0.00,2.87,-
YE_MT,Yemen,Yemen MTN,YER,963.00,963.00,0.00,4.14,-
YE_MT,Yemen,Yemen MTN,YER,1450.00,1450.00,0.00,6.23,-
YE_MT,Yemen,Yemen MTN,YER,2900.00,2900.00,0.00,12.47,-
YE_MT,Yemen,Yemen MTN,YER,5800.00,5800.00,0.00,24.93,-
YE_MT,Yemen,Yemen MTN,YER,8700.00,8700.00,0.00,37.40,-
YE_SF,Yemen,Yemen Sabafon,YER,230.00,230.00,0.00,1.20,-
YE_SF,Yemen,Yemen Sabafon,YER,345.00,345.00,0.00,1.79,-
YE_SF,Yemen,Yemen Sabafon,YER,575.00,575.00,0.00,2.97,-
YE_SF,Yemen,Yemen Sabafon,YER,1150.00,1150.00,0.00,5.94,-
YE_SF,Yemen,Yemen Sabafon,YER,2300.00,2300.00,0.00,11.87,-
YE_SF,Yemen,Yemen Sabafon,YER,3450.00,3450.00,0.00,17.80,-
YE_SF,Yemen,Yemen Sabafon,YER,5750.00,5750.00,0.00,29.67,-
YE_YM,Yemen,Yemen Yemen Mobile,YER,100.00,15000.00,1.00,-,242.3449
ZM_AT,Zambia,Zambia Airtel,ZMW,2.00,400.00,1.00,-,9.5266
ZM_MT,Zambia,Zambia MTN,ZMW,2.00,400.00,1.00,-,9.9519
ZM_ZT,Zambia,Zambia Zamtel,ZMW,5.00,5.00,0.00,0.50,-
ZM_ZT,Zambia,Zambia Zamtel,ZMW,10.00,10.00,0.00,1.00,-
ZM_ZT,Zambia,Zambia Zamtel,ZMW,20.00,20.00,0.00,1.99,-
ZM_ZT,Zambia,Zambia Zamtel,ZMW,35.00,35.00,0.00,3.49,-
ZM_ZT,Zambia,Zambia Zamtel,ZMW,50.00,50.00,0.00,4.98,-
ZM_ZT,Zambia,Zambia Zamtel,ZMW,70.00,70.00,0.00,6.97,-
ZM_ZT,Zambia,Zambia Zamtel,ZMW,100.00,100.00,0.00,9.96,-
ZM_ZT,Zambia,Zambia Zamtel,ZMW,140.00,140.00,0.00,13.94,-
ZM_ZT,Zambia,Zambia Zamtel,ZMW,250.00,250.00,0.00,24.90,-
ZW_EN,Zimbabwe,Zimbabwe Econet,USD,1.00,100.00,0.10,-,1.0158
ZW_NO,Zimbabwe,Zimbabwe NetOne,USD,1.00,100.00,0.10,-,1.0158
ZW_TC,Zimbabwe,Zimbabwe Telecel,USD,1.00,100.00,0.10,-,1.0384